user_id,full_name,email,mobile_number,state_id
1,Thomas Wilson,paulsarah@example.org,558399665,1
2,Jeffrey Cannon,carolinegilbert@example.net,917559231,3
3,Amanda Smith,martinmary@example.com,996280681,14
4,Ashley Vincent,erinblack@example.com,925864460,41
5,Alicia Rose,kreyes@example.com,633101386,32
6,Travis Griffith,cooperlauren@example.net,570917596,18
7,Alfred Shannon,orichards@example.com,776666983,43
8,Sheri Howell,john26@example.net,520770879,18
9,Stephanie Conway,qray@example.com,875334120,47
10,Eileen Hughes,hwalters@example.net,107106093,25
11,James Miller,amandamorales@example.net,984028420,42
12,Tiffany Russo,jcohen@example.org,920015574,27
13,Taylor Horton,onealzachary@example.org,153411320,39
14,Bethany Young,micheleallen@example.net,334744648,11
15,Casey Frey,wfox@example.com,867086939,31
16,Joseph Sanchez,bartlettaudrey@example.net,226677646,30
17,David Harmon,williamgarcia@example.org,713105188,16
18,Gregory Howard,brownstacy@example.org,995823060,40
19,Dawn Bailey,davisrebecca@example.org,526110514,35
20,Amanda Levine,chris27@example.org,400421109,10
21,Pamela Dodson,olivia15@example.org,504317232,3
22,Matthew Cobb,elizabeth78@example.net,238459545,49
23,Scott Mccullough,gibsonjose@example.com,856793960,33
24,Alexander Cruz,huangcarlos@example.com,230162785,11
25,Gerald Johnson,priceolivia@example.com,654270518,44
26,Gregory Decker,martinezmark@example.com,598239406,39
27,Monica Clark,thomasstephanie@example.net,557139147,16
28,Jessica Figueroa,charles23@example.org,907125102,8
29,Anne Gonzalez,justin71@example.com,599921823,27
30,Kristi Phillips,carlsonkimberly@example.com,350878370,22
31,Rodney Kramer,jessica66@example.org,603493805,7
32,Isaiah Sanders,victoria28@example.org,250099793,20
33,Timothy Obrien DDS,timothy87@example.com,740307401,16
34,Henry Faulkner,galvanmeredith@example.org,372283208,10
35,Sandra Ramos,willissierra@example.org,187430177,19
36,Debbie Dorsey,jenniferwoods@example.net,151949042,16
37,Brian Porter,matthew38@example.org,201609005,13
38,Jennifer Robertson,mrobinson@example.org,759670418,24
39,Michelle Leonard DVM,michael79@example.net,634019674,23
40,Alisha Dunn,maria52@example.com,586865709,38
41,Cynthia White,robert59@example.org,632340181,21
42,Kristin Ramirez,antonio65@example.net,612984297,14
43,Jamie Nguyen,jerryfrancis@example.net,207408980,4
44,Julia Kline,arthurvaughn@example.net,612950419,17
45,Pamela Hoffman,bartonjennifer@example.org,276409198,32
46,Aaron Blackburn,waltermeyers@example.org,734626321,13
47,Matthew Smith,swhite@example.com,160848812,30
48,Kirk Jones,richarddaniel@example.net,382453682,10
49,Adam Williams,chad42@example.net,692393180,44
50,Nancy Bryant,tara83@example.org,442826351,44
51,John Lambert,petersonanthony@example.org,448460870,23
52,Patricia Bradley,jmiller@example.com,584714720,31
53,Dustin Howell,jordandaniel@example.org,888674419,6
54,Michael Weiss,gdixon@example.org,221281711,10
55,Larry Villanueva,teresabennett@example.org,475739798,28
56,Andrea Garcia,tony26@example.net,586241734,26
57,Ashley Turner,carmen76@example.com,972363896,5
58,Julie Johnson,jason02@example.com,490672788,18
59,Madison Carlson,zhamilton@example.net,688966555,36
60,Donald Thomas,gabriellestafford@example.net,617659362,32
61,Andrew Anderson,riveradevon@example.com,593084196,40
62,Michael Hernandez,nicholasporter@example.com,718462754,38
63,Christopher Johnson,linda98@example.net,609356737,11
64,Deborah Smith,alisha16@example.com,666696432,25
65,Dr. Samantha Austin DDS,allenbrian@example.com,958501791,6
66,Jeffery Walker,vpham@example.com,899884380,39
67,Tyler Chen,maryhardy@example.net,952947586,11
68,Angie Gaines,ycarey@example.com,934010190,44
69,Brooke Melton,lbuchanan@example.net,757205575,50
70,Mark Diaz,lisa19@example.net,618322044,33
71,Jason White,qknight@example.org,989650997,19
72,Erica Young,denise68@example.org,983065177,9
73,Ricardo Wilson,miguelmiller@example.com,691988162,11
74,Brenda Jennings,jsharp@example.net,949826066,38
75,Joseph Oliver,dillonbrooks@example.com,649006369,34
76,Jonathan Navarro,vincentgoodwin@example.org,265648629,26
77,Randy Keith,kaylachandler@example.com,662276253,47
78,Rebecca Holt,garciavictor@example.net,223582355,3
79,Angela Cruz,wendy90@example.com,114262035,1
80,Kyle Craig,johnstone@example.com,714955559,4
81,John Harvey,martinezcynthia@example.com,953704664,28
82,Jennifer Hicks,lisagutierrez@example.net,131043311,28
83,Sean Peck,cartereric@example.org,910136007,8
84,Emily Vazquez,stevenskimberly@example.com,200883558,24
85,Cory James,katelyn48@example.org,398313447,3
86,Deborah Olson,tannerkara@example.org,931280444,50
87,Jeffrey Pugh,amberbates@example.com,436380476,23
88,Jasmine Moyer,darlene67@example.net,562623748,6
89,Amy Stephens,mcortez@example.org,421545041,35
90,Veronica Carter,jenniferwilliams@example.org,183716420,32
91,Brandon Perez,patrickrodriguez@example.com,241717531,25
92,Katherine Castillo,andersonderek@example.org,999799906,7
93,Nicholas Gonzalez,matthewolson@example.com,350173706,28
94,Maria Duncan,zwilliams@example.com,958188280,22
95,Nicholas Alvarado,marissa04@example.net,297159479,11
96,Christopher Martinez,hopkinsjohn@example.com,362251434,23
97,Carl Miles,jennifergarcia@example.org,479545101,3
98,Joshua Marshall,haynesalexander@example.net,983677023,4
99,Andrew Berger,willissteven@example.com,896806627,36
100,Brandon Morris,cookerika@example.com,793220095,32
